id,reward,difficulty,duration,offer_type,email,mobile,social,web
ae264e3637204a6fb9bb56bc8210ddfd,10,10,7,bogo,1,1,1,0
4d5c57ea9a6940dd891ad53e9dbe8da0,10,10,5,bogo,1,1,1,1
3f207df678b143eea3cee63160fa8bed,0,0,4,informational,1,1,0,1
9b98b8c7a33c4b65b9aebfe6a799e6d9,5,5,7,bogo,1,1,0,1
0b1e1539f2cc45b7b9fa7c272da2e1d7,5,20,10,discount,1,0,0,1
2298d6c36e964ae4a3e7e9706d1fb8c2,3,7,7,discount,1,1,1,1
fafdcd668e3743c1bb461111dcafc2a4,2,10,10,discount,1,1,1,1
5a8bc65990b245e5a138643cd4eb9837,0,0,3,informational,1,1,1,0
f19421c1d4aa40978ebb69ca19b0e20d,5,5,5,bogo,1,1,1,1
2906b810c7d4411798c6938adc9daaa5,2,10,7,discount,1,1,0,1
